royal_quarter,parl_quarter,offset,post,uptake
2002Q1,2002Q2,1,1,0.013732100972900525
2002Q1,2002Q3,2,1,0.011475367750879265
2002Q2,2002Q1,-1,0,0.0014117626297608385
2002Q2,2002Q3,1,1,0.001525342506781677
2002Q2,2002Q4,2,1,0.0020549677638739185
2002Q3,2002Q1,-2,0,0.004432934657449033
2002Q3,2002Q2,-1,0,0.0036887785813621795
2002Q3,2002Q4,1,1,0.005784975645798283
2002Q3,2003Q1,2,1,0.004402979538581708
2002Q4,2002Q2,-2,0,0.0007759086780196439
2002Q4,2002Q3,-1,0,0.0006225451184761122
2002Q4,2003Q1,1,1,0.00040582467501298203
2002Q4,2003Q2,2,1,0.0005245547129560631
2003Q2,2002Q4,-2,0,0.002316299210862992
2003Q2,2003Q1,-1,0,0.002077124143077198
2003Q2,2003Q3,1,1,0.0015665371391369804
2003Q2,2003Q4,2,1,0.0021213146357965764
2003Q3,2003Q1,-2,0,0.002491676230456051
2003Q3,2003Q2,-1,0,0.002187349318371104
2003Q3,2003Q4,1,1,0.00238314811896972
2003Q3,2004Q1,2,1,0.002220077682746985
2003Q4,2003Q2,-2,0,0.0031867794678472803
2003Q4,2003Q3,-1,0,0.0035603116798567738
2003Q4,2004Q1,1,1,0.0038066463325978346
2003Q4,2004Q2,2,1,0.0035196815251089877
2004Q2,2003Q4,-2,0,0.003199929559841695
2004Q2,2004Q1,-1,0,0.0019037226045289905
2004Q2,2004Q3,1,1,0.0021622888507926187
2004Q2,2004Q4,2,1,0.002698963328884589
2004Q3,2004Q1,-2,0,0.000727776455193416
2004Q3,2004Q2,-1,0,0.0007700859945964471
2004Q3,2004Q4,1,1,0.0007298038794101786
2004Q3,2005Q1,2,1,0.0009563425071373833
2004Q4,2004Q2,-2,0,0.004672319941341962
2004Q4,2004Q3,-1,0,0.005207260300641315
2004Q4,2005Q1,1,1,0.004156113941981888
2004Q4,2005Q2,2,1,0.005114966795900349
2005Q1,2004Q3,-2,0,0.0015971451738809115
2005Q1,2004Q4,-1,0,0.0015880882022614306
2005Q1,2005Q2,1,1,0.0022402637561364674
2005Q1,2005Q3,2,1,0.0013067276992499955
2005Q2,2004Q4,-2,0,0.001390560445678556
2005Q2,2005Q1,-1,0,0.001129455278848786
2005Q2,2005Q3,1,1,0.00146000192242246
2005Q2,2005Q4,2,1,0.0013285435215984853
2005Q3,2005Q1,-2,0,0.0024355418816795317
2005Q3,2005Q2,-1,0,0.002775538580306152
2005Q3,2005Q4,1,1,0.002798664878114355
2005Q3,2006Q1,2,1,0.0023431406986831986
2005Q4,2005Q2,-2,0,0.002711561509688261
2005Q4,2005Q3,-1,0,0.0024835619890318005
2005Q4,2006Q1,1,1,0.0020630867694717936
2005Q4,2006Q2,2,1,0.0019254689479622762
2006Q1,2005Q3,-2,0,0.0023640600523210653
2006Q1,2005Q4,-1,0,0.0017768733321702024
2006Q1,2006Q2,1,1,0.0014764495892974734
2006Q1,2006Q3,2,1,0.0014494956815634754
2006Q2,2005Q4,-2,0,0.0027142902088201563
2006Q2,2006Q1,-1,0,0.0024780322000393035
2006Q2,2006Q3,1,1,0.0023510112883895398
2006Q2,2006Q4,2,1,0.0025232812631006797
2006Q4,2006Q2,-2,0,0.004581075720991847
2006Q4,2006Q3,-1,0,0.004109850560530586
2006Q4,2007Q1,1,1,0.004490847102137955
2006Q4,2007Q2,2,1,0.0034790258466196
2007Q1,2006Q3,-2,0,0.0024446982043930324
2007Q1,2006Q4,-1,0,0.002350532989860616
2007Q1,2007Q2,1,1,0.0024587817461925485
2007Q1,2007Q3,2,1,0.0025379717659146307
2007Q2,2006Q4,-2,0,0.0029649096938524746
2007Q2,2007Q1,-1,0,0.0009198665176497976
2007Q2,2007Q3,1,1,0.000983208901272558
2007Q2,2007Q4,2,1,0.0009017855656813096
2007Q3,2007Q1,-2,0,0.0047095131600805055
2007Q3,2007Q2,-1,0,0.005161350199277659
2007Q3,2007Q4,1,1,0.0048660107034078715
2007Q3,2008Q1,2,1,0.005221978104564035
2007Q4,2007Q2,-2,0,0.0021189182406050615
2007Q4,2007Q3,-1,0,0.0026111170647982298
2007Q4,2008Q1,1,1,0.001963379219885556
2007Q4,2008Q2,2,1,0.002147215975931832
2008Q1,2007Q3,-2,0,0.002041264154891124
2008Q1,2007Q4,-1,0,0.002724269984914762
2008Q1,2008Q2,1,1,0.0033491463204068156
2008Q1,2008Q3,2,1,0.0037324659888050885
2008Q2,2007Q4,-2,0,0.002365674046883771
2008Q2,2008Q1,-1,0,0.002181206280464964
2008Q2,2008Q3,1,1,0.0017879034283483403
2008Q2,2008Q4,2,1,0.0021381904296581484
2008Q3,2008Q1,-2,0,0.0015465134166203808
2008Q3,2008Q2,-1,0,0.0018032314391117138
2008Q3,2008Q4,1,1,0.00158040162192124
2008Q3,2009Q1,2,1,0.0017084962200811535
2008Q4,2008Q2,-2,0,0.002368252914630697
2008Q4,2008Q3,-1,0,0.0014397720236629889
2008Q4,2009Q1,1,1,0.001959479992593075
2008Q4,2009Q2,2,1,0.002253883264438085
2009Q1,2008Q3,-2,0,0.0026507719813898896
2009Q1,2008Q4,-1,0,0.00272883146040713
2009Q1,2009Q2,1,1,0.0026443466576401924
2009Q1,2009Q3,2,1,0.0027028170972832758
2009Q2,2008Q4,-2,0,0.002239543032567737
2009Q2,2009Q1,-1,0,0.002600166075123508
2009Q2,2009Q3,1,1,0.0021525791647267253
2009Q2,2009Q4,2,1,0.0023094561079471166
2009Q3,2009Q1,-2,0,0.004358342887707021
2009Q3,2009Q2,-1,0,0.003930619236647485
2009Q3,2009Q4,1,1,0.003542083575335339
2009Q3,2010Q1,2,1,0.004046777213531382
2009Q4,2009Q2,-2,0,0.00426637672537294
2009Q4,2009Q3,-1,0,0.0038496500043333757
2009Q4,2010Q1,1,1,0.004286827143916903
2009Q4,2010Q2,2,1,0.004852876051764011
2010Q1,2009Q3,-2,0,0.0022231224894134626
2010Q1,2009Q4,-1,0,0.002336982402439931
2010Q1,2010Q2,1,1,0.0026570880283422723
2010Q1,2010Q3,2,1,0.0023089181772313902
2010Q2,2009Q4,-2,0,0.002426167596596649
2010Q2,2010Q1,-1,0,0.0023695251192893283
2010Q2,2010Q3,1,1,0.0022027787007297475
2010Q2,2010Q4,2,1,0.002223038907035854
2010Q3,2010Q1,-2,0,0.0025530471628421292
2010Q3,2010Q2,-1,0,0.00312207843330217
2010Q3,2010Q4,1,1,0.0026308102055904075
2010Q3,2011Q1,2,1,0.0027406898689682035
2010Q4,2010Q2,-2,0,0.0008635536092112385
2010Q4,2010Q3,-1,0,0.00074912934864203
2010Q4,2011Q1,1,1,0.0007401778400623723
2010Q4,2011Q2,2,1,0.0010110453910880267
2011Q1,2010Q3,-2,0,0.0029088369574580674
2011Q1,2010Q4,-1,0,0.002408077983690861
2011Q1,2011Q2,1,1,0.0030890980952800223
2011Q1,2011Q3,2,1,0.0021356535495352974
2011Q2,2010Q4,-2,0,0.0009911583874529799
2011Q2,2011Q1,-1,0,0.0015192512999554733
2011Q2,2011Q3,1,1,0.0009959192478472684
2011Q2,2011Q4,2,1,0.000995294806681051
2011Q3,2011Q1,-2,0,0.002070175825617584
2011Q3,2011Q2,-1,0,0.0023138389356191663
2011Q3,2011Q4,1,1,0.0016528361410587853
2011Q3,2012Q1,2,1,0.0016325701305610534
2011Q4,2011Q2,-2,0,0.0010505918159792926
2011Q4,2011Q3,-1,0,0.0012170348931274382
2011Q4,2012Q1,1,1,0.001289480883690963
2011Q4,2012Q2,2,1,0.0010780694700110098
2012Q1,2011Q3,-2,0,0.0025095726895212754
2012Q1,2011Q4,-1,0,0.0023328344882226444
2012Q1,2012Q2,1,1,0.0024049242023322526
2012Q1,2012Q3,2,1,0.0022224212450202836
2012Q2,2011Q4,-2,0,0.0012656772406259937
2012Q2,2012Q1,-1,0,0.001706534825340839
2012Q2,2012Q3,1,1,0.0013749158299416532
2012Q2,2012Q4,2,1,0.0011450286441992146
2012Q3,2012Q1,-2,0,0.00370090816169217
2012Q3,2012Q2,-1,0,0.0029101328709710155
2012Q3,2012Q4,1,1,0.002642160527655815
2012Q3,2013Q1,2,1,0.00307898045307858
2012Q4,2012Q2,-2,0,0.002410380019488179
2012Q4,2012Q3,-1,0,0.001960374560905952
2012Q4,2013Q1,1,1,0.0023470719656627616
2012Q4,2013Q2,2,1,0.0025430596213520383
2013Q1,2012Q3,-2,0,0.003197632955521722
2013Q1,2012Q4,-1,0,0.0031476735771933215
2013Q1,2013Q2,1,1,0.003377569687080686
2013Q1,2013Q3,2,1,0.003198754322837998
2013Q2,2012Q4,-2,0,0.0015183874595797496
2013Q2,2013Q1,-1,0,0.0018169588161340178
2013Q2,2013Q3,1,1,0.0015162736990663253
2013Q2,2013Q4,2,1,0.0017000034642217711
2013Q4,2013Q2,-2,0,0.0028581969751206196
2013Q4,2013Q3,-1,0,0.0029377802919410053
2013Q4,2014Q1,1,1,0.00295922590821837
2013Q4,2014Q2,2,1,0.002734050117678992
2014Q1,2013Q3,-2,0,0.002271494637639745
2014Q1,2013Q4,-1,0,0.002238225236940095
2014Q1,2014Q2,1,1,0.0022387427777346013
2014Q1,2014Q3,2,1,0.00234751245906767
2014Q2,2013Q4,-2,0,0.00023489113471851508
2014Q2,2014Q1,-1,0,0.0001930992676893595
2014Q2,2014Q3,1,1,0.00024184537696438907
2014Q2,2014Q4,2,1,0.00022090595272795935
2014Q3,2014Q1,-2,0,0.0006314427529926313
2014Q3,2014Q2,-1,0,0.0006240640489229096
2014Q3,2014Q4,1,1,0.0005508899485041643
2014Q3,2015Q1,2,1,0.0006218063959070319
2014Q4,2014Q2,-2,0,0.0020589473733051383
2014Q4,2014Q3,-1,0,0.0017654712518400402
2014Q4,2015Q1,1,1,0.0016310336162069165
2014Q4,2015Q2,2,1,0.002259796010268513
2015Q1,2014Q3,-2,0,0.003414856722737174
2015Q1,2014Q4,-1,0,0.002910275518304029
2015Q1,2015Q2,1,1,0.003457898767712692
2015Q1,2015Q3,2,1,0.0032949064661100037
2015Q2,2014Q4,-2,0,0.0027553663647313107
2015Q2,2015Q1,-1,0,0.0025782412866559704
2015Q2,2015Q3,1,1,0.002909979799574936
2015Q2,2015Q4,2,1,0.00313797153983198
2015Q3,2015Q1,-2,0,0.002645898977402331
2015Q3,2015Q2,-1,0,0.0030092265416739256
2015Q3,2015Q4,1,1,0.0024977052957854975
2015Q3,2016Q1,2,1,0.0026733508412408284
2015Q4,2015Q2,-2,0,0.0011931722934217749
2015Q4,2015Q3,-1,0,0.0016384058114056732
2015Q4,2016Q1,1,1,0.0018633480933834053
2015Q4,2016Q2,2,1,0.0017895494051616667
2016Q1,2015Q3,-2,0,0.003870651480158182
2016Q1,2015Q4,-1,0,0.004023339705427507
2016Q1,2016Q2,1,1,0.00415312480861475
2016Q1,2016Q3,2,1,0.003602112229903291
2016Q2,2015Q4,-2,0,0.0007186321645417553
2016Q2,2016Q1,-1,0,0.000729344246383013
2016Q2,2016Q3,1,1,0.0009050533240963042
2016Q2,2016Q4,2,1,0.000724064970333219
2016Q3,2016Q1,-2,0,0.002250235481811508
2016Q3,2016Q2,-1,0,0.002275343559231075
2016Q3,2016Q4,1,1,0.002311374447631214
2016Q3,2017Q1,2,1,0.0020864579344142737
2016Q4,2016Q2,-2,0,0.003206449021197441
2016Q4,2016Q3,-1,0,0.003022878102481656
2016Q4,2017Q1,1,1,0.0035038761582320875
2016Q4,2017Q2,2,1,0.003237585899537077
2017Q1,2016Q3,-2,0,0.00014151742885869483
2017Q1,2016Q4,-1,0,0.00010272775322805395
2017Q1,2017Q2,1,1,0.00010351073923919606
2017Q1,2017Q3,2,1,0.00013135971128518193
2017Q2,2016Q4,-2,0,0.0005210948127455317
2017Q2,2017Q1,-1,0,0.00034481864217742294
2017Q2,2017Q3,1,1,0.00026271942257036386
2017Q2,2017Q4,2,1,0.0003115595464364995
2017Q3,2017Q1,-2,0,0.0010611564851079542
2017Q3,2017Q2,-1,0,0.0007590787544207711
2017Q3,2017Q4,1,1,0.0008506797419859325
2017Q3,2018Q1,2,1,0.0008653351238597972
2017Q4,2017Q2,-2,0,0.001210500589436154
2017Q4,2017Q3,-1,0,0.0013792769684944103
2017Q4,2018Q1,1,1,0.0011927383057852839
2017Q4,2018Q2,2,1,0.001098321497123423
2018Q1,2017Q3,-2,0,0.002312622285520703
2018Q1,2017Q4,-1,0,0.001942665407192291
2018Q1,2018Q2,1,1,0.002042843227640164
2018Q1,2018Q3,2,1,0.0020909873544272574
2018Q2,2017Q4,-2,0,0.0014127087277145199
2018Q2,2018Q1,-1,0,0.0014295831607952104
2018Q2,2018Q3,1,1,0.0014261187190742154
2018Q2,2018Q4,2,1,0.0016959785187327
2018Q3,2018Q1,-2,0,0.002342906457892313
2018Q3,2018Q2,-1,0,0.002645877340775968
2018Q3,2018Q4,1,1,0.0024061589552907595
2018Q3,2019Q1,2,1,0.0022632187878688184
2018Q4,2018Q2,-2,0,0.0029500011730490675
2018Q4,2018Q3,-1,0,0.0031822213800189823
2018Q4,2019Q1,1,1,0.003051438535309503
2018Q4,2019Q2,2,1,0.003839206616521793
2019Q1,2018Q3,-2,0,0.0021595978769944017
2019Q1,2018Q4,-1,0,0.0022852591904957567
2019Q1,2019Q2,1,1,0.0021846819991860407
2019Q1,2019Q3,2,1,0.0021942500457798903
2019Q2,2018Q4,-2,0,0.0014220517789174483
2019Q2,2019Q1,-1,0,0.0016346992153443765
2019Q2,2019Q3,1,1,0.0014378866410299281
2019Q2,2019Q4,2,1,0.0015998574859284484
2019Q3,2019Q1,-2,0,0.0016744529069544285
2019Q3,2019Q2,-1,0,0.001829929847762056
2019Q3,2019Q4,1,1,0.0019492910267522208
2019Q3,2020Q1,2,1,0.001959814485389521
2019Q4,2019Q2,-2,0,0.004609807123226116
2019Q4,2019Q3,-1,0,0.004678306701379766
2019Q4,2020Q1,1,1,0.004891771496812195
2019Q4,2020Q2,2,1,0.005529193484828583
2020Q1,2019Q3,-2,0,0.0030302306510298486
2020Q1,2019Q4,-1,0,0.0027971812361040215
2020Q1,2020Q2,1,1,0.002561408117693419
2020Q1,2020Q3,2,1,0.0025515072117600897
2020Q2,2019Q4,-2,0,0.002569364270763033
2020Q2,2020Q1,-1,0,0.002505674066700469
2020Q2,2020Q3,1,1,0.0025054085520518194
2020Q2,2020Q4,2,1,0.0026967563804872023
2020Q3,2020Q1,-2,0,0.004420453195452671
2020Q3,2020Q2,-1,0,0.00464528876045361
2020Q3,2020Q4,1,1,0.00415322183512978
2020Q3,2021Q1,2,1,0.0041089259288739155
2020Q4,2020Q2,-2,0,0.0011739787206094838
2020Q4,2020Q3,-1,0,0.0006475253596231488
2020Q4,2021Q1,1,1,0.0008081402054219304
2020Q4,2021Q2,2,1,0.000592021648894877
2021Q1,2020Q3,-2,0,0.001352942059345056
2021Q1,2020Q4,-1,0,0.0012561492889610769
2021Q1,2021Q2,1,1,0.0013778826441214638
2021Q1,2021Q3,2,1,0.0012864754580563748
2021Q2,2020Q4,-2,0,0.0022635726722009574
2021Q2,2021Q1,-1,0,0.00240167898234437
2021Q2,2021Q3,1,1,0.0028160236659766674
2021Q2,2021Q4,2,1,0.002552709453905685
2021Q3,2021Q1,-2,0,0.00015350602896959281
2021Q3,2021Q2,-1,0,0.00019383934633170974
2021Q3,2021Q4,1,1,0.00014899850310775355
2021Q3,2022Q1,2,1,0.000172804838535479
2021Q4,2021Q2,-2,0,0.0024759873154587358
2021Q4,2021Q3,-1,0,0.0022885040811656114
2021Q4,2022Q1,1,1,0.0020066961874932497
2021Q4,2022Q2,2,1,0.002174400802449583
2022Q1,2021Q3,-2,0,0.00031289151844185193
2022Q1,2021Q4,-1,0,0.0002940500260007322
2022Q1,2022Q2,1,1,0.0006753070777461022
2022Q1,2022Q3,2,1,0.0017674674542199809
2022Q2,2021Q4,-2,0,0.0021086741797435053
2022Q2,2022Q1,-1,0,0.002053497497929942
2022Q2,2022Q3,1,1,0.0030630298048994545
2022Q2,2022Q4,2,1,0.0021279553539725183
2022Q3,2022Q1,-2,0,0.002723116247254923
2022Q3,2022Q2,-1,0,0.0030432812445007566
2022Q3,2022Q4,1,1,0.002910969228810891
2022Q3,2023Q1,2,1,0.0028220406566454507
2022Q4,2022Q2,-2,0,0.002029220779220779
2022Q4,2022Q3,-1,0,0.0026973468833367
2022Q4,2023Q1,1,1,0.001913961991603846
2022Q4,2023Q2,2,1,0.001691058313471307
2023Q1,2022Q3,-2,0,0.0002977703789868145
2023Q1,2022Q4,-1,0,0.0002093619986198857
2023Q1,2023Q2,1,1,0.0002286379862601512
2023Q1,2023Q3,2,1,0.00024825874077649815
2023Q2,2022Q4,-2,0,0.0026446607665663964
2023Q2,2023Q1,-1,0,0.002519598549481635
2023Q2,2023Q3,1,1,0.002665333425281015
2023Q2,2023Q4,2,1,0.0023489677842274768
2023Q3,2023Q1,-2,0,0.00016100151973397133
2023Q3,2023Q2,-1,0,0.00019520507317494042
2023Q3,2023Q4,1,1,0.00017575694239922477
2023Q3,2024Q1,2,1,0.00013553301476145773
2023Q4,2023Q2,-2,0,0.0031416153489425493
2023Q4,2023Q3,-1,0,0.0030291014412799117
2023Q4,2024Q1,1,1,0.002526069318069378
2023Q4,2024Q2,2,1,0.0021929591915603656
2024Q1,2023Q3,-2,0,0.0038686987104337633
2024Q1,2023Q4,-1,0,0.003998470439582363
2024Q1,2024Q2,1,1,0.004514737686011285
2024Q1,2024Q3,2,1,0.00488986858267849
2024Q2,2023Q4,-2,0,0.002191024045449795
2024Q2,2024Q1,-1,0,0.0020862106382607206
2024Q2,2024Q3,1,1,0.002340608120614515
2024Q2,2024Q4,2,1,0.0029788951631918217
2024Q3,2024Q1,-2,0,0.0027231326585507613
2024Q3,2024Q2,-1,0,0.002803714239382637
2024Q3,2024Q4,1,1,0.0029325372561713964
2024Q3,2025Q1,2,1,0.00259305297339374
2024Q4,2024Q2,-2,0,0.0012533360410645626
2024Q4,2024Q3,-1,0,0.0015850847229467095
2024Q4,2025Q1,1,1,0.0012961674375451954
2024Q4,2025Q2,2,1,0.0010850668849380922
2025Q1,2024Q3,-2,0,0.004349728247152064
2025Q1,2024Q4,-1,0,0.00395640758191562
2025Q1,2025Q2,1,1,0.0041523465357667134
2025Q1,2025Q3,2,1,0.003970127503526888
2025Q2,2024Q4,-2,0,0.0010158775831544957
2025Q2,2025Q1,-1,0,0.0008286854420649061
2025Q2,2025Q3,1,1,0.0007695028814077674
2025Q2,2025Q4,2,1,0.0008912035425340816
2025Q3,2025Q1,-2,0,0.00018885985378082348
2025Q3,2025Q2,-1,0,0.0004293090718668104
2025Q3,2025Q4,1,1,0.0001897288791722947
2025Q4,2025Q2,-2,0,0.0029532689998749816
2025Q4,2025Q3,-1,0,0.0027820488789357745
2026Q1,2025Q3,-2,0,0.0017673198045519054
2026Q1,2025Q4,-1,0,0.001471704287524543
